Ref,Val,Package,PosX,PosY,Rot,Side
"BATT1","JST_PH","JST_S2B-PH-SM4-TB_LF__SN_",116.375000,-79.000000,-90.000000,bottom
"C5","1uF","C_0603_1608Metric",101.524000,-81.840000,90.000000,bottom
"C6","0.1uF","C_0402_1005Metric",99.024000,-92.015000,90.000000,bottom
"C7","4.7uF","C_0402_1005Metric",109.500000,-120.000000,-90.000000,bottom
"C8","10uF","C_0805_2012Metric",104.500000,-115.000000,90.000000,bottom
"C9","10uF","C_0805_2012Metric",93.000000,-127.000000,0.000000,bottom
"C10","0.1uF","C_0402_1005Metric",107.000000,-119.500000,0.000000,bottom
"C11","10uF","C_0805_2012Metric",100.500000,-115.000000,90.000000,bottom
"C12","4.7uF","C_0402_1005Metric",104.000000,-121.500000,0.000000,bottom
"C13","10uF","C_0805_2012Metric",102.500000,-115.000000,90.000000,bottom
"C14","0.1uF","C_0402_1005Metric",114.000000,-122.500000,-90.000000,bottom
"C17","0.1uF","C_0402_1005Metric",121.213000,-78.787000,-90.000000,bottom
"C20","0.1uF","C_0402_1005Metric",88.500000,-72.500000,90.000000,bottom
"C21","0.1uF","C_0402_1005Metric",79.000000,-79.000000,90.000000,bottom
"C22","0.1uF","C_0402_1005Metric",72.284000,-88.519000,90.000000,bottom
"C23","0.1uF","C_0402_1005Metric",85.825000,-108.000000,90.000000,bottom
"C24","0.1uF","C_0402_1005Metric",85.825000,-121.975000,90.000000,bottom
"C26","0.1uF","C_0402_1005Metric",85.825000,-114.975000,90.000000,bottom
"C30","0.1uF","C_0402_1005Metric",88.500000,-128.500000,180.000000,bottom
"C32","0.1uF","C_0402_1005Metric",111.000000,-127.000000,-90.000000,bottom
"C33","0.1uF","C_0402_1005Metric",121.000000,-120.500000,-90.000000,bottom
"C34","0.1uF","C_0402_1005Metric",128.000000,-111.500000,180.000000,bottom
"C35","0.1uF","C_0402_1005Metric",97.300750,-104.077500,0.000000,bottom
"C36","4.7uF","C_0402_1005Metric",80.000000,-101.500000,-90.000000,bottom
"C41","4.7uF","C_0402_1005Metric",78.000000,-103.000000,0.000000,bottom
"C46","1uF","C_0603_1608Metric",91.000000,-98.000000,0.000000,bottom
"C47","1uF","C_0603_1608Metric",87.500000,-91.340000,180.000000,bottom
"CHG1","ORANGE","LED_0603_1608Metric",93.000000,-133.000000,180.000000,bottom
"D1","MBR0540","D_SOD-123",97.500000,-122.984000,0.000000,bottom
"D19","MBR0540","D_SOD-123",84.500000,-101.500000,0.000000,bottom
"D20","MBR0540","D_SOD-123",84.500000,-99.000000,180.000000,bottom
"D21","MBR0540","D_SOD-123",77.000000,-87.500000,90.000000,bottom
"HAPTIC1","JST_HAPTIC","JST_SM02B-GHS-TB",82.625000,-94.625000,90.000000,bottom
"IC1","Wio-SX1262","114993390",118.500000,-103.000000,0.000000,bottom
"L1","47uH 500mA","L_Taiyo-Yuden_NR-30xx",77.500000,-100.500000,90.000000,bottom
"ONOFF1","JST_ONOFF","JST_SM02B-GHS-TB",91.500000,-123.000000,0.000000,bottom
"P1","JST_BTN_1","JST_SM02B-GHS-TB",82.325000,-105.975000,90.000000,bottom
"P2","JST_BTN_2","JST_SM02B-GHS-TB",82.325000,-112.975000,90.000000,bottom
"P3","JST_BTN_3","JST_SM02B-GHS-TB",82.325000,-119.975000,90.000000,bottom
"Q1","DMG3415U","SOT95P240X105-3N",104.016000,-118.465200,0.000000,bottom
"R4","5K","R_0603_1608Metric",100.024000,-81.840000,90.000000,bottom
"R6","4.7K","R_0603_1608Metric",102.024000,-99.515000,-90.000000,bottom
"R7","4.7K","R_0603_1608Metric",101.524000,-106.515000,90.000000,bottom
"R9","100K","R_0603_1608Metric",89.500000,-127.000000,180.000000,bottom
"R10","5K","R_0603_1608Metric",103.000000,-123.933114,90.000000,bottom
"R11","2K","R_0603_1608Metric",104.466787,-123.933114,90.000000,bottom
"R12","100K","R_0603_1608Metric",99.500000,-118.500000,-90.000000,bottom
"R14","10K","R_0603_1608Metric",86.113505,-104.335492,90.000000,bottom
"R15","10K","R_0603_1608Metric",86.113505,-118.253860,90.000000,bottom
"R16","10K","R_0603_1608Metric",86.113505,-111.296993,90.000000,bottom
"R17","10K","R_0603_1608Metric",93.774000,-107.015000,-90.000000,bottom
"U3","RT9080-33GJ5","SOT94P280X100-5N",108.500000,-117.000000,180.000000,bottom
"U4","MCP73831T-2ACI_OT","SOT95P280X145-5N",107.500000,-122.500000,0.000000,bottom
"U5","MAX17048G_T10","SON50P200X200X80-9N",111.485000,-122.750000,180.000000,bottom
"U6","BNO085","IC_BNO085",97.774000,-107.077500,0.000000,bottom
"U7","DRV2605LDGSR","SOP50P490X110-10N",91.000000,-93.850000,-90.000000,bottom
"U8","MAX-M10S-00B","XCVR_MAX-M10S-00B",86.500000,-84.500000,0.000000,bottom
"X1","USB4085-GF-A","GCT_USB4085-GF-A_REVB",100.000000,-131.010001,180.000000,bottom
"AE1","1575AT43A0040E","ANT_1575AT_JOT",94.000000,-68.500000,0.000000,top
"C1","10uF","C_0805_2012Metric",110.024000,-101.340000,90.000000,top
"C2","10uF","C_0805_2012Metric",110.000000,-96.450000,90.000000,top
"C3","12pF","C_0402_1005Metric",104.524000,-108.261908,180.000000,top
"C4","12pF","C_0402_1005Metric",106.516629,-108.255315,0.000000,top
"C15","0.1uF","C_0402_1005Metric",128.000000,-98.480000,90.000000,top
"C16","0.1uF","C_0402_1005Metric",126.980000,-86.000000,0.000000,top
"C18","0.1uF","C_0402_1005Metric",109.000000,-71.480000,90.000000,top
"C19","0.1uF","C_0402_1005Metric",100.000000,-72.000000,0.000000,top
"C25","22uF","C_0603_1608Metric",128.000000,-103.500000,-90.000000,top
"C27","0.1uF","C_0402_1005Metric",69.000000,-98.000000,0.000000,top
"C28","0.1uF","C_0402_1005Metric",74.500000,-113.500000,180.000000,top
"C29","0.1uF","C_0402_1005Metric",80.500000,-119.500000,90.000000,top
"C31","0.1uF","C_0402_1005Metric",102.000000,-130.000000,-90.000000,top
"C37","1uF","C_0603_1608Metric",88.725000,-99.333145,0.000000,top
"C38","1uF","C_0603_1608Metric",87.968066,-97.052186,90.000000,top
"C39","1uF","C_0603_1608Metric",88.725000,-100.888763,0.000000,top
"C40","1uF","C_0603_1608Metric",88.725000,-102.444381,0.000000,top
"C42","1uF","C_0603_1608Metric",75.684110,-93.326981,180.000000,top
"C43","1uF","C_0603_1608Metric",88.725000,-104.000000,0.000000,top
"C44","1uF","C_0603_1608Metric",88.725000,-105.555618,0.000000,top
"C45","1uF","C_0603_1608Metric",88.725000,-107.111236,0.000000,top
"C50","0.1uF","C_0402_1005Metric",81.000000,-82.500000,90.000000,top
"C51","10uF","C_0805_2012Metric",79.500000,-82.500000,90.000000,top
"C52","NM","C_0402_1005Metric",86.040215,-80.775847,180.000000,top
"C53","NM","C_0402_1005Metric",86.000000,-79.500000,0.000000,top
"D2","BAV199","SOT23",126.500000,-100.500000,-90.000000,top
"D3","WS2812B2020","LED_WS2812B2020",130.000000,-100.000000,90.000000,top
"D4","WS2812B2020","LED_WS2812B2020",127.716000,-88.519000,112.500000,top
"D5","WS2812B2020","LED_WS2812B2020",121.213000,-78.787000,135.000000,top
"D6","WS2812B2020","LED_WS2812B2020",111.481000,-72.284000,157.500000,top
"D7","WS2812B2020","LED_WS2812B2020",100.000000,-70.000000,180.000000,top
"D8","WS2812B2020","LED_WS2812B2020",88.519000,-72.284000,-157.500000,top
"D9","WS2812B2020","LED_WS2812B2020",78.787000,-78.787000,-135.000000,top
"D10","WS2812B2020","LED_WS2812B2020",72.284000,-88.519000,-112.500000,top
"D11","WS2812B2020","LED_WS2812B2020",70.000000,-100.000000,-90.000000,top
"D12","WS2812B2020","LED_WS2812B2020",72.284000,-111.481000,-67.500000,top
"D13","WS2812B2020","LED_WS2812B2020",78.787000,-121.213000,-45.000000,top
"D14","WS2812B2020","LED_WS2812B2020",88.519000,-127.716000,-22.500000,top
"D15","WS2812B2020","LED_WS2812B2020",100.000000,-130.000000,0.000000,top
"D16","WS2812B2020","LED_WS2812B2020",111.481000,-127.716000,22.500000,top
"D17","WS2812B2020","LED_WS2812B2020",121.213000,-121.213000,45.000000,top
"D18","WS2812B2020","LED_WS2812B2020",127.716000,-111.481000,67.500000,top
"D23","TPD1E05U06DPYR","DIO_TPD1E05U06DPYR",83.500000,-83.000000,-90.000000,top
"J1","SWD HEADER","PinHeader_1x05_P2.54mm_Vertical",96.024000,-80.515000,0.000000,top
"J2","EXPANSION","PinHeader_1x08_P2.54mm_Vertical",117.724000,-85.515000,-90.000000,top
"J3","FH12A-24S-0.5SH(55)","HRS_FH12-24S-0.5SH_55_",83.000000,-100.000000,-90.000000,top
"J5","IPEX","RECE20369001E01",86.450000,-83.463000,0.000000,top
"Q2","Si1308EDL","SOT-323_SC-70",72.770870,-99.612500,-90.000000,top
"R1","5K","R_0603_1608Metric",106.985320,-126.966633,180.000000,top
"R2","5K","R_0603_1608Metric",106.994693,-128.500000,180.000000,top
"R3","27R","R_0603_1608Metric",93.500000,-129.000000,0.000000,top
"R5","27R","R_0603_1608Metric",93.500000,-130.500000,0.000000,top
"R8","10K","R_0603_1608Metric",104.524000,-90.515000,90.000000,top
"R13","500R","R_0603_1608Metric",128.500000,-95.500000,180.000000,top
"R18","1M","R_0603_1608Metric",73.270870,-96.500000,90.000000,top
"R19","2.2R","R_0603_1608Metric",71.770870,-96.500000,90.000000,top
"R21","NM","R_0603_1608Metric",88.662374,-79.780832,0.000000,top
"R22","5K","R_0603_1608Metric",85.000000,-87.500000,-90.000000,top
"R23","1K","R_0603_1608Metric",86.500000,-87.500000,90.000000,top
"R24","1K","R_0603_1608Metric",88.000000,-87.500000,-90.000000,top
"R25","0R","R_0603_1608Metric",90.500000,-76.500000,90.000000,top
"RESET1","KMR2","SW_Push_1P1T-SH_NO_CK_KMR2xxG",101.024000,-81.737060,0.000000,top
"U1","BMD-340-A-R","RIGADO_BMD-340-A-R",101.024000,-99.515000,0.000000,top
"U2","MX25R6435FZAIH0","SON80P400X400X60-9N",101.024000,-90.515000,180.000000,top
"Y1","32.768KHZ","XTAL_ABS07-32.768KHZ-7-T",105.524000,-106.515000,180.000000,top
